{"Count":5,"FilesInfo":[{"FileName":"E:\\Maimai Fanmade\\日常と地球の額縁/.autosave/autosave.2024-4-5_0-15-57.txt","RawPath":"E:\\Maimai Fanmade\\日常と地球の額縁","SavedTime":1712276157},{"FileName":"E:\\Maimai Fanmade\\日常と地球の額縁/.autosave/autosave.2024-4-5_0-16-57.txt","RawPath":"E:\\Maimai Fanmade\\日常と地球の額縁","SavedTime":1712276217},{"FileName":"E:\\Maimai Fanmade\\日常と地球の額縁/.autosave/autosave.2024-4-5_0-17-57.txt","RawPath":"E:\\Maimai Fanmade\\日常と地球の額縁","SavedTime":1712276277},{"FileName":"E:\\Maimai Fanmade\\日常と地球の額縁/.autosave/autosave.2024-4-5_0-19-57.txt","RawPath":"E:\\Maimai Fanmade\\日常と地球の額縁","SavedTime":1712276397},{"FileName":"E:\\Maimai Fanmade\\日常と地球の額縁/.autosave/autosave.2024-4-5_0-21-57.txt","RawPath":"E:\\Maimai Fanmade\\日常と地球の額縁","SavedTime":1712276517}]}